head_top_x,head_top_y,upper_neck_x,upper_neck_y,right_shoulder_x,right_shoulder_y,right_elbow_x,right_elbow_y,right_wrist_x,right_wrist_y,thorax_x,thorax_y,left_shoulder_x,left_shoulder_y,left_elbow_x,left_elbow_y,left_wrist_x,left_wrist_y,pelvis_x,pelvis_y,right_hip_x,right_hip_y,right_knee_x,right_knee_y,right_ankle_x,right_ankle_y,left_hip_x,left_hip_y,left_knee_x,left_knee_y,left_ankle_x,left_ankle_y
0.4807192099475554,0.042119565217391304,0.5247895872102859,0.19701086956521738,0.5468247758416512,0.22418478260869565,0.5413159786838098,0.3546195652173913,0.4641928184740315,0.4633152173913043,0.5413159786838098,0.2269021739130435,0.5413159786838098,0.2269021739130435,0.5468247758416512,0.35733695652173914,0.43114003552698354,0.48777173913043476,0.5468247758416512,0.48777173913043476,0.5633511673151751,0.485054347826087,0.5523335729994924,0.686141304347826,0.5688599644730163,0.8682065217391305,0.5358071815259685,0.48777173913043476,0.5578423701573338,0.6997282608695652,0.5633511673151751,0.9035326086956522
