head_top_x,head_top_y,upper_neck_x,upper_neck_y,right_shoulder_x,right_shoulder_y,right_elbow_x,right_elbow_y,right_wrist_x,right_wrist_y,thorax_x,thorax_y,left_shoulder_x,left_shoulder_y,left_elbow_x,left_elbow_y,left_wrist_x,left_wrist_y,pelvis_x,pelvis_y,right_hip_x,right_hip_y,right_knee_x,right_knee_y,right_ankle_x,right_ankle_y,left_hip_x,left_hip_y,left_knee_x,left_knee_y,left_ankle_x,left_ankle_y
0.5059929494712103,0.12907608695652173,0.4580493537015276,0.27309782608695654,0.4620446533490012,0.32472826086956524,0.5299647473560516,0.47146739130434784,0.7257344300822562,0.5448369565217391,0.4460634547591069,0.31929347826086957,0.42608695652173917,0.31657608695652173,0.5019976498237368,0.44972826086956524,0.6897767332549941,0.53125,0.4660399529964747,0.561141304347826,0.4620446533490012,0.5720108695652174,0.7976498237367803,0.6100543478260869,0.7896592244418331,0.84375,0.47802585193889546,0.5529891304347826,0.7776733254994125,0.5720108695652174,0.7616921269095182,0.8057065217391305
